<?xml version="1.0" encoding="utf-8" ?>
<dwsync>
<file name="exemplo.html" server="ftp.livrojqueryui.com.br//var/www/html/" local="129775179525000000" remote="129811624800000000" />
<file name="controle-deslizante-basico.html" server="ftp.livrojqueryui.com.br//var/www/html/" local="129775179524218750" remote="129811624800000000" />
<file name="evento-change.html" server="ftp.livrojqueryui.com.br//var/www/html/" local="129775179524843750" remote="129811624800000000" />
<file name="evento-create.html" server="ftp.livrojqueryui.com.br//var/www/html/" local="129775179525000000" remote="129811624800000000" />
<file name="eventos-start-stop.html" server="ftp.livrojqueryui.com.br//var/www/html/" local="129775179525000000" remote="129811624800000000" />
<file name="metodo-destroy.html" server="ftp.livrojqueryui.com.br//var/www/html/" local="129775179525468750" remote="129811624800000000" />
<file name="metodo-option.html" server="ftp.livrojqueryui.com.br//var/www/html/" local="129775179525468750" remote="129811624800000000" />
<file name="metodo-widget.html" server="ftp.livrojqueryui.com.br//var/www/html/" local="129775179525625000" remote="129811624800000000" />
<file name="metodos-disable-enable.html" server="ftp.livrojqueryui.com.br//var/www/html/" local="129775179525625000" remote="129811624800000000" />
<file name="opcao-animate.html" server="ftp.livrojqueryui.com.br//var/www/html/" local="129775179525625000" remote="129811624800000000" />
<file name="opcao-disabled.html" server="ftp.livrojqueryui.com.br//var/www/html/" local="129775179525781250" remote="129811624800000000" />
<file name="opcao-orientation.html" server="ftp.livrojqueryui.com.br//var/www/html/" local="129775179525781250" remote="129811624800000000" />
<file name="opcao-range.html" server="ftp.livrojqueryui.com.br//var/www/html/" local="129775179525781250" remote="129811624800000000" />
<file name="opcao-step.html" server="ftp.livrojqueryui.com.br//var/www/html/" local="129775179525781250" remote="129811624800000000" />
<file name="opcao-value.html" server="ftp.livrojqueryui.com.br//var/www/html/" local="129775179525937500" remote="129811624800000000" />
<file name="opcao-values.html" server="ftp.livrojqueryui.com.br//var/www/html/" local="129775179525937500" remote="129811624800000000" />
<file name="opcoes-min-max.html" server="ftp.livrojqueryui.com.br//var/www/html/" local="129775179525937500" remote="129811624800000000" />
<file name="personalizacao.html" server="ftp.livrojqueryui.com.br//var/www/html/" local="129775179525937500" remote="129811624800000000" />
</dwsync>