<?xml version="1.0" encoding="utf-8" ?>
<dwsync>
<file name="ui-bg_diagonals-thick_90_eeeeee_40x40.png" server="ftp.livrojqueryui.com.br//var/www/html/" local="129775179524218750" remote="129811624800000000" />
<file name="ui-bg_flat_15_cd0a0a_40x100.png" server="ftp.livrojqueryui.com.br//var/www/html/" local="129775179524375000" remote="129811624800000000" />
<file name="ui-bg_glass_100_e4f1fb_1x400.png" server="ftp.livrojqueryui.com.br//var/www/html/" local="129775179524375000" remote="129811624800000000" />
<file name="ui-bg_glass_50_3baae3_1x400.png" server="ftp.livrojqueryui.com.br//var/www/html/" local="129775179524375000" remote="129811624800000000" />
<file name="ui-bg_glass_80_d7ebf9_1x400.png" server="ftp.livrojqueryui.com.br//var/www/html/" local="129775179524375000" remote="129811624800000000" />
<file name="ui-bg_highlight-hard_100_f2f5f7_1x100.png" server="ftp.livrojqueryui.com.br//var/www/html/" local="129775179524375000" remote="129811624800000000" />
<file name="ui-bg_highlight-hard_70_000000_1x100.png" server="ftp.livrojqueryui.com.br//var/www/html/" local="129775179524375000" remote="129811624800000000" />
<file name="ui-bg_highlight-soft_100_deedf7_1x100.png" server="ftp.livrojqueryui.com.br//var/www/html/" local="129775179524531250" remote="129811624800000000" />
<file name="ui-bg_highlight-soft_25_ffef8f_1x100.png" server="ftp.livrojqueryui.com.br//var/www/html/" local="129775179524531250" remote="129811624800000000" />
<file name="ui-icons_2694e8_256x240.png" server="ftp.livrojqueryui.com.br//var/www/html/" local="129775179524531250" remote="129811624800000000" />
<file name="ui-icons_2e83ff_256x240.png" server="ftp.livrojqueryui.com.br//var/www/html/" local="129775179524531250" remote="129811624800000000" />
<file name="ui-icons_3d80b3_256x240.png" server="ftp.livrojqueryui.com.br//var/www/html/" local="129775179524687500" remote="129811624800000000" />
<file name="ui-icons_72a7cf_256x240.png" server="ftp.livrojqueryui.com.br//var/www/html/" local="129775179524687500" remote="129811624800000000" />
<file name="ui-icons_ffffff_256x240.png" server="ftp.livrojqueryui.com.br//var/www/html/" local="129775179524843750" remote="129811624800000000" />
</dwsync>