<?xml version="1.0" encoding="utf-8" ?>
<dwsync>
<file name="ui-bg_diagonals-small_0_aaaaaa_40x40.png" server="ftp.livrojqueryui.com.br//var/www/html/" local="129775179551093750" remote="129811626600000000" />
<file name="ui-bg_diagonals-thick_15_444444_40x40.png" server="ftp.livrojqueryui.com.br//var/www/html/" local="129775179551093750" remote="129811626600000000" />
<file name="ui-bg_diagonals-thick_95_ffdc2e_40x40.png" server="ftp.livrojqueryui.com.br//var/www/html/" local="129775179551250000" remote="129811626600000000" />
<file name="ui-bg_glass_55_fbf5d0_1x400.png" server="ftp.livrojqueryui.com.br//var/www/html/" local="129775179551250000" remote="129811626600000000" />
<file name="ui-bg_highlight-hard_30_285c00_1x100.png" server="ftp.livrojqueryui.com.br//var/www/html/" local="129775179551250000" remote="129811626600000000" />
<file name="ui-bg_highlight-soft_33_3a8104_1x100.png" server="ftp.livrojqueryui.com.br//var/www/html/" local="129775179551406250" remote="129811626600000000" />
<file name="ui-bg_highlight-soft_50_4eb305_1x100.png" server="ftp.livrojqueryui.com.br//var/www/html/" local="129775179551406250" remote="129811626600000000" />
<file name="ui-bg_highlight-soft_60_4ca20b_1x100.png" server="ftp.livrojqueryui.com.br//var/www/html/" local="129775179551406250" remote="129811626600000000" />
<file name="ui-bg_inset-soft_10_285c00_1x100.png" server="ftp.livrojqueryui.com.br//var/www/html/" local="129775179551562500" remote="129811626600000000" />
<file name="ui-icons_4eb305_256x240.png" server="ftp.livrojqueryui.com.br//var/www/html/" local="129775179551718750" remote="129811626600000000" />
<file name="ui-icons_72b42d_256x240.png" server="ftp.livrojqueryui.com.br//var/www/html/" local="129775179551875000" remote="129811626600000000" />
<file name="ui-icons_cd0a0a_256x240.png" server="ftp.livrojqueryui.com.br//var/www/html/" local="129775179551875000" remote="129811626600000000" />
<file name="ui-icons_ffffff_256x240.png" server="ftp.livrojqueryui.com.br//var/www/html/" local="129775179551875000" remote="129811626600000000" />
</dwsync>