<?xml version="1.0" encoding="utf-8" ?>
<dwsync>
<file name="area-de-selecao.html" server="ftp.livrojqueryui.com.br//var/www/html/" local="129775179547343750" remote="129811626600000000" />
<file name="classe-intrinseca.html" server="ftp.livrojqueryui.com.br//var/www/html/" local="129775179547812500" remote="129811626600000000" />
<file name="classe-padrao.html" server="ftp.livrojqueryui.com.br//var/www/html/" local="129775179547812500" remote="129811626600000000" />
<file name="evento-create.html" server="ftp.livrojqueryui.com.br//var/www/html/" local="129775179549062500" remote="129811626600000000" />
<file name="eventos-selecting-stop.html" server="ftp.livrojqueryui.com.br//var/www/html/" local="129775179549218750" remote="129811626600000000" />
<file name="eventos-start-selected.html" server="ftp.livrojqueryui.com.br//var/www/html/" local="129775179549218750" remote="129811626600000000" />
<file name="formato-grid.html" server="ftp.livrojqueryui.com.br//var/www/html/" local="129775179549218750" remote="129811626600000000" />
<file name="metodo-destroy.html" server="ftp.livrojqueryui.com.br//var/www/html/" local="129775179549375000" remote="129811626600000000" />
<file name="metodo-option.html" server="ftp.livrojqueryui.com.br//var/www/html/" local="129775179549531250" remote="129811626600000000" />
<file name="metodo-refresh.html" server="ftp.livrojqueryui.com.br//var/www/html/" local="129775179549531250" remote="129811626600000000" />
<file name="metodo-widget.html" server="ftp.livrojqueryui.com.br//var/www/html/" local="129775179549687500" remote="129811626600000000" />
<file name="metodos-disable-enable.html" server="ftp.livrojqueryui.com.br//var/www/html/" local="129775179549687500" remote="129811626600000000" />
<file name="opcao-cancel.html" server="ftp.livrojqueryui.com.br//var/www/html/" local="129775179549687500" remote="129811626600000000" />
<file name="opcao-delay.html" server="ftp.livrojqueryui.com.br//var/www/html/" local="129775179549843750" remote="129811626600000000" />
<file name="opcao-disabled.html" server="ftp.livrojqueryui.com.br//var/www/html/" local="129775929248750000" remote="129811626600000000" />
<file name="opcao-distance.html" server="ftp.livrojqueryui.com.br//var/www/html/" local="129775179550000000" remote="129811626600000000" />
<file name="opcao-filter.html" server="ftp.livrojqueryui.com.br//var/www/html/" local="129775179550000000" remote="129811626600000000" />
<file name="opcao-tolerance.html" server="ftp.livrojqueryui.com.br//var/www/html/" local="129775179550156250" remote="129811626600000000" />
<file name="selecao-basica.html" server="ftp.livrojqueryui.com.br//var/www/html/" local="129775179550156250" remote="129811626600000000" />
</dwsync>