<?xml version="1.0" encoding="utf-8" ?>
<dwsync>
<file name="classe-intrinseca.html" server="ftp.livrojqueryui.com.br//var/www/html/" local="129775179550625000" remote="129811626600000000" />
<file name="classe-padrao.html" server="ftp.livrojqueryui.com.br//var/www/html/" local="129775179550781250" remote="129811626600000000" />
<file name="evento-create.html" server="ftp.livrojqueryui.com.br//var/www/html/" local="129775179552031250" remote="129811626600000000" />
<file name="eventos-dois.html" server="ftp.livrojqueryui.com.br//var/www/html/" local="129775179552031250" remote="129811626600000000" />
<file name="eventos-um.html" server="ftp.livrojqueryui.com.br//var/www/html/" local="129775179552187500" remote="129811626600000000" />
<file name="formato-grid.html" server="ftp.livrojqueryui.com.br//var/www/html/" local="129775179552656250" remote="129811626600000000" />
<file name="metodo-cancel.html" server="ftp.livrojqueryui.com.br//var/www/html/" local="129775179552656250" remote="129811626600000000" />
<file name="metodo-destroy.html" server="ftp.livrojqueryui.com.br//var/www/html/" local="129775179552812500" remote="129811626600000000" />
<file name="metodo-option.html" server="ftp.livrojqueryui.com.br//var/www/html/" local="129775179552812500" remote="129811626600000000" />
<file name="metodo-serialize.html" server="ftp.livrojqueryui.com.br//var/www/html/" local="129775179552968750" remote="129811626600000000" />
<file name="metodo-toarray.html" server="ftp.livrojqueryui.com.br//var/www/html/" local="129775179552968750" remote="129811626600000000" />
<file name="metodo-widget.html" server="ftp.livrojqueryui.com.br//var/www/html/" local="129775179552968750" remote="129811626600000000" />
<file name="metodos-disable-enable.html" server="ftp.livrojqueryui.com.br//var/www/html/" local="129775179553125000" remote="129811626600000000" />
<file name="objeto-ui.html" server="ftp.livrojqueryui.com.br//var/www/html/" local="129775179553125000" remote="129811626600000000" />
<file name="opcao-appendto.html" server="ftp.livrojqueryui.com.br//var/www/html/" local="129775179553281250" remote="129811626600000000" />
<file name="opcao-axis.html" server="ftp.livrojqueryui.com.br//var/www/html/" local="129775179553281250" remote="129811626600000000" />
<file name="opcao-cancel.html" server="ftp.livrojqueryui.com.br//var/www/html/" local="129775179553437500" remote="129811626600000000" />
<file name="opcao-connecttosortable.html" server="ftp.livrojqueryui.com.br//var/www/html/" local="129775179553437500" remote="129811626600000000" />
<file name="opcao-connectwith.html" server="ftp.livrojqueryui.com.br//var/www/html/" local="129775179553437500" remote="129811626600000000" />
<file name="opcao-containment.html" server="ftp.livrojqueryui.com.br//var/www/html/" local="129775179553593750" remote="129811626600000000" />
<file name="opcao-cursor.html" server="ftp.livrojqueryui.com.br//var/www/html/" local="129776026940937500" remote="129811626600000000" />
<file name="opcao-cursorat.html" server="ftp.livrojqueryui.com.br//var/www/html/" local="129775179553750000" remote="129811626600000000" />
<file name="opcao-delay.html" server="ftp.livrojqueryui.com.br//var/www/html/" local="129775179553906250" remote="129811626600000000" />
<file name="opcao-disabled.html" server="ftp.livrojqueryui.com.br//var/www/html/" local="129775179553906250" remote="129811626600000000" />
<file name="opcao-distance.html" server="ftp.livrojqueryui.com.br//var/www/html/" local="129775179553906250" remote="129811626600000000" />
<file name="opcao-droponempty.html" server="ftp.livrojqueryui.com.br//var/www/html/" local="129775179554062500" remote="129811626600000000" />
<file name="opcao-grid.html" server="ftp.livrojqueryui.com.br//var/www/html/" local="129775179554062500" remote="129811626600000000" />
<file name="opcao-handle.html" server="ftp.livrojqueryui.com.br//var/www/html/" local="129775179554218750" remote="129811626600000000" />
<file name="opcao-helper.html" server="ftp.livrojqueryui.com.br//var/www/html/" local="129775179554218750" remote="129811626600000000" />
<file name="opcao-items.html" server="ftp.livrojqueryui.com.br//var/www/html/" local="129775179554375000" remote="129811626600000000" />
<file name="opcao-opacity.html" server="ftp.livrojqueryui.com.br//var/www/html/" local="129808160693437500" remote="129811626600000000" />
<file name="opcao-placeholder.html" server="ftp.livrojqueryui.com.br//var/www/html/" local="129775179554375000" remote="129811626600000000" />
<file name="opcao-revert.html" server="ftp.livrojqueryui.com.br//var/www/html/" local="129775179554531250" remote="129811626600000000" />
<file name="opcao-scroll.html" server="ftp.livrojqueryui.com.br//var/www/html/" local="129775179554531250" remote="129811626600000000" />
<file name="opcao-scrollsensitivity.html" server="ftp.livrojqueryui.com.br//var/www/html/" local="129775179554687500" remote="129811626600000000" />
<file name="opcao-scrollspeed.html" server="ftp.livrojqueryui.com.br//var/www/html/" local="129775179554687500" remote="129811626600000000" />
<file name="opcao-tolerance.html" server="ftp.livrojqueryui.com.br//var/www/html/" local="129775179554843750" remote="129811626600000000" />
<file name="opcao-z-index.html" server="ftp.livrojqueryui.com.br//var/www/html/" local="129775179554843750" remote="129811626600000000" />
<file name="ordenar-basico.html" server="ftp.livrojqueryui.com.br//var/www/html/" local="129775179554843750" remote="129811626600000000" />
</dwsync>