<?xml version="1.0" encoding="utf-8" ?>
<dwsync>
<file name="abacate.html" server="ftp.livrojqueryui.com.br//var/www/html/" local="129775179532031250" remote="129811625400000000" />
<file name="abacaxi.html" server="ftp.livrojqueryui.com.br//var/www/html/" local="129775179532187500" remote="129811625400000000" />
<file name="bordas-arredondadas.html" server="ftp.livrojqueryui.com.br//var/www/html/" local="129777672989687500" remote="129811625400000000" />
<file name="classes-dicas.html" server="ftp.livrojqueryui.com.br//var/www/html/" local="129777656693906250" remote="129811625400000000" />
<file name="classes-estados.html" server="ftp.livrojqueryui.com.br//var/www/html/" local="129777659506406250" remote="129811625400000000" />
<file name="cupuacu.html" server="ftp.livrojqueryui.com.br//var/www/html/" local="129775179533125000" remote="129811626000000000" />
<file name="icones.html" server="ftp.livrojqueryui.com.br//var/www/html/" local="129777705041406250" remote="129811626000000000" />
<file name="laranja.html" server="ftp.livrojqueryui.com.br//var/www/html/" local="129775179533281250" remote="129811626000000000" />
<file name="temas-na-pagina.html" server="ftp.livrojqueryui.com.br//var/www/html/" local="129777612218750000" remote="129811626000000000" />
<file name="widget-containers.html" server="ftp.livrojqueryui.com.br//var/www/html/" local="129777636885781250" remote="129811626000000000" />
</dwsync>