<?xml version="1.0" encoding="utf-8" ?>
<dwsync>
<file name="abacate-acordeao.png" server="ftp.livrojqueryui.com.br//var/www/html/" local="129775179565468750" remote="129811627800000000" />
<file name="abacate.png" server="ftp.livrojqueryui.com.br//var/www/html/" local="129775179565625000" remote="129811627800000000" />
<file name="abacaxi-acordeao.png" server="ftp.livrojqueryui.com.br//var/www/html/" local="129775179565625000" remote="129811627800000000" />
<file name="abacaxi.png" server="ftp.livrojqueryui.com.br//var/www/html/" local="129775179565625000" remote="129811627800000000" />
<file name="ajax-loader-16x16-azul.gif" server="ftp.livrojqueryui.com.br//var/www/html/" local="129775179566093750" remote="129811627800000000" />
<file name="bg-btn-over-slider.png" server="ftp.livrojqueryui.com.br//var/www/html/" local="129775179566093750" remote="129811627800000000" />
<file name="bg-slider.png" server="ftp.livrojqueryui.com.br//var/www/html/" local="129775179566250000" remote="129811627800000000" />
<file name="btn-over-slider.png" server="ftp.livrojqueryui.com.br//var/www/html/" local="129775179566250000" remote="129811627800000000" />
<file name="btn-slider.png" server="ftp.livrojqueryui.com.br//var/www/html/" local="129775179566406250" remote="129811627800000000" />
<file name="cupuacu-acordeao.png" server="ftp.livrojqueryui.com.br//var/www/html/" local="129775179566562500" remote="129811627800000000" />
<file name="cupuacu.png" server="ftp.livrojqueryui.com.br//var/www/html/" local="129775179566562500" remote="129811627800000000" />
<file name="fruta-podre-acordeao.png" server="ftp.livrojqueryui.com.br//var/www/html/" local="129775179567031250" remote="129811627800000000" />
<file name="grid-10x10.png" server="ftp.livrojqueryui.com.br//var/www/html/" local="129775179567031250" remote="129811627800000000" />
<file name="grid-130x90.png" server="ftp.livrojqueryui.com.br//var/www/html/" local="129775179567187500" remote="129811627800000000" />
<file name="grid-50x80.png" server="ftp.livrojqueryui.com.br//var/www/html/" local="129775179567187500" remote="129811627800000000" />
<file name="grid-75x60.png" server="ftp.livrojqueryui.com.br//var/www/html/" local="129775179567187500" remote="129811627800000000" />
<file name="handle-e.png" server="ftp.livrojqueryui.com.br//var/www/html/" local="129775179567187500" remote="129811627800000000" />
<file name="handle-n.png" server="ftp.livrojqueryui.com.br//var/www/html/" local="129775179567343750" remote="129811627800000000" />
<file name="handle-nw.png" server="ftp.livrojqueryui.com.br//var/www/html/" local="129775179567343750" remote="129811627800000000" />
<file name="home1.png" server="ftp.livrojqueryui.com.br//var/www/html/" local="129775179567343750" remote="129811627800000000" />
<file name="home10.png" server="ftp.livrojqueryui.com.br//var/www/html/" local="129775179567500000" remote="129811627800000000" />
<file name="home11.png" server="ftp.livrojqueryui.com.br//var/www/html/" local="129775179567500000" remote="129811627800000000" />
<file name="home12.png" server="ftp.livrojqueryui.com.br//var/www/html/" local="129775179567500000" remote="129811627800000000" />
<file name="home13.png" server="ftp.livrojqueryui.com.br//var/www/html/" local="129775179567500000" remote="129811627800000000" />
<file name="home2.png" server="ftp.livrojqueryui.com.br//var/www/html/" local="129775179567656250" remote="129811627800000000" />
<file name="home3.png" server="ftp.livrojqueryui.com.br//var/www/html/" local="129775179567656250" remote="129811627800000000" />
<file name="home4.png" server="ftp.livrojqueryui.com.br//var/www/html/" local="129775179567812500" remote="129811627800000000" />
<file name="home5.png" server="ftp.livrojqueryui.com.br//var/www/html/" local="129775179568281250" remote="129811627800000000" />
<file name="home6.png" server="ftp.livrojqueryui.com.br//var/www/html/" local="129775179568281250" remote="129811627800000000" />
<file name="home7.png" server="ftp.livrojqueryui.com.br//var/www/html/" local="129775179568281250" remote="129811627800000000" />
<file name="home8.png" server="ftp.livrojqueryui.com.br//var/www/html/" local="129775179568437500" remote="129811627800000000" />
<file name="home9.png" server="ftp.livrojqueryui.com.br//var/www/html/" local="129775179568437500" remote="129811627800000000" />
<file name="icon-cal.png" server="ftp.livrojqueryui.com.br//var/www/html/" local="129775179568593750" remote="129811627800000000" />
<file name="jquery_ui-OLD.png" server="ftp.livrojqueryui.com.br//var/www/html/" local="129775179568750000" remote="129811627800000000" />
<file name="jquery_ui1.png" server="ftp.livrojqueryui.com.br//var/www/html/" local="129775179568750000" remote="129811627800000000" />
<file name="jquery_ui10.png" server="ftp.livrojqueryui.com.br//var/www/html/" local="129775179568750000" remote="129811627800000000" />
<file name="jquery_ui11.png" server="ftp.livrojqueryui.com.br//var/www/html/" local="129775179568906250" remote="129811627800000000" />
<file name="jquery_ui12.png" server="ftp.livrojqueryui.com.br//var/www/html/" local="129775179568906250" remote="129811627800000000" />
<file name="jquery_ui13.png" server="ftp.livrojqueryui.com.br//var/www/html/" local="129775179568906250" remote="129811627800000000" />
<file name="jquery_ui2.png" server="ftp.livrojqueryui.com.br//var/www/html/" local="129775179568906250" remote="129811627800000000" />
<file name="jquery_ui3.png" server="ftp.livrojqueryui.com.br//var/www/html/" local="129775179569062500" remote="129811627800000000" />
<file name="jquery_ui4.png" server="ftp.livrojqueryui.com.br//var/www/html/" local="129775179569062500" remote="129811627800000000" />
<file name="jquery_ui5.png" server="ftp.livrojqueryui.com.br//var/www/html/" local="129775179569062500" remote="129811627800000000" />
<file name="jquery_ui6.png" server="ftp.livrojqueryui.com.br//var/www/html/" local="129775179569218750" remote="129811627800000000" />
<file name="jquery_ui7.png" server="ftp.livrojqueryui.com.br//var/www/html/" local="129775179569218750" remote="129811627800000000" />
<file name="jquery_ui8.png" server="ftp.livrojqueryui.com.br//var/www/html/" local="129775179569218750" remote="129811627800000000" />
<file name="jquery_ui9.png" server="ftp.livrojqueryui.com.br//var/www/html/" local="129775179569218750" remote="129811627800000000" />
<file name="laranjadir-acordeao.png" server="ftp.livrojqueryui.com.br//var/www/html/" local="129775179569375000" remote="129811627800000000" />
<file name="laranjadir.png" server="ftp.livrojqueryui.com.br//var/www/html/" local="129775179569531250" remote="129811627800000000" />
<file name="laranjaesq-acordeao.png" server="ftp.livrojqueryui.com.br//var/www/html/" local="129775179569531250" remote="129811627800000000" />
<file name="laranjaesq.png" server="ftp.livrojqueryui.com.br//var/www/html/" local="129775179569687500" remote="129811627800000000" />
<file name="logo-jqUI.png" server="ftp.livrojqueryui.com.br//var/www/html/" local="129775179569687500" remote="129811627800000000" />
<file name="pbar-animada.gif" server="ftp.livrojqueryui.com.br//var/www/html/" local="129775179569843750" remote="129811627800000000" />
<file name="regua-pixel.png" server="ftp.livrojqueryui.com.br//var/www/html/" local="129775179569843750" remote="129811627800000000" />
<file name="ui-anim_basic_16x16.gif" server="ftp.livrojqueryui.com.br//var/www/html/" local="129775179570156250" remote="129811627800000000" />
<file name="x120.png" server="ftp.livrojqueryui.com.br//var/www/html/" local="129775179570156250" remote="129811627800000000" />
</dwsync>