<?xml version="1.0" encoding="utf-8" ?>
<dwsync>
<file name="calendario.html" server="ftp.livrojqueryui.com.br//var/www/html/" local="129775179518593750" remote="129811624200000000" />
<file name="datepicker-basico.html" server="ftp.livrojqueryui.com.br//var/www/html/" local="129775179519218750" remote="129811624200000000" />
<file name="evento-beforeshow.html" server="ftp.livrojqueryui.com.br//var/www/html/" local="129808203013437500" remote="129811624200000000" />
<file name="evento-beforeshowDay.html" server="ftp.livrojqueryui.com.br//var/www/html/" local="129775179519218750" remote="129811624200000000" />
<file name="evento-onclose.html" server="ftp.livrojqueryui.com.br//var/www/html/" local="129808203876718750" remote="129811624200000000" />
<file name="evento-onselect.html" server="ftp.livrojqueryui.com.br//var/www/html/" local="129808204429218750" remote="129811624200000000" />
<file name="localizacao.html" server="ftp.livrojqueryui.com.br//var/www/html/" local="129775179519375000" remote="129811624200000000" />
<file name="metodo-destroy.html" server="ftp.livrojqueryui.com.br//var/www/html/" local="129775179519375000" remote="129811624200000000" />
<file name="metodo-dialog.html" server="ftp.livrojqueryui.com.br//var/www/html/" local="129775179519375000" remote="129811624200000000" />
<file name="metodo-option.html" server="ftp.livrojqueryui.com.br//var/www/html/" local="129775179519375000" remote="129811624200000000" />
<file name="metodo-widget.html" server="ftp.livrojqueryui.com.br//var/www/html/" local="129808205072812500" remote="129811624200000000" />
<file name="metodos-disable-enable.html" server="ftp.livrojqueryui.com.br//var/www/html/" local="129775179519375000" remote="129811624200000000" />
<file name="opcao-altfield.html" server="ftp.livrojqueryui.com.br//var/www/html/" local="129775179519375000" remote="129811624200000000" />
<file name="opcao-altformat.html" server="ftp.livrojqueryui.com.br//var/www/html/" local="129775179519375000" remote="129811624200000000" />
<file name="opcao-appendtext.html" server="ftp.livrojqueryui.com.br//var/www/html/" local="129775179519531250" remote="129811624200000000" />
<file name="opcao-autosize-dateformat.html" server="ftp.livrojqueryui.com.br//var/www/html/" local="129775179519531250" remote="129811624200000000" />
<file name="opcao-buttonimage.html" server="ftp.livrojqueryui.com.br//var/www/html/" local="129775179519531250" remote="129811624200000000" />
<file name="opcao-buttonimageonly.html" server="ftp.livrojqueryui.com.br//var/www/html/" local="129775179519531250" remote="129811624200000000" />
<file name="opcao-buttontext.html" server="ftp.livrojqueryui.com.br//var/www/html/" local="129775179519531250" remote="129811624200000000" />
<file name="opcao-changemonth-changeyear.html" server="ftp.livrojqueryui.com.br//var/www/html/" local="129775179519531250" remote="129811624200000000" />
<file name="opcao-defaultdate.html" server="ftp.livrojqueryui.com.br//var/www/html/" local="129775179519531250" remote="129811624200000000" />
<file name="opcao-disabled.html" server="ftp.livrojqueryui.com.br//var/www/html/" local="129775179519531250" remote="129811624800000000" />
<file name="opcao-duration.html" server="ftp.livrojqueryui.com.br//var/www/html/" local="129775179519531250" remote="129811624800000000" />
<file name="opcao-hideifnoprevnext.html" server="ftp.livrojqueryui.com.br//var/www/html/" local="129775179519531250" remote="129811624800000000" />
<file name="opcao-maxdate-mindate.html" server="ftp.livrojqueryui.com.br//var/www/html/" local="129775179519687500" remote="129811624800000000" />
<file name="opcao-numberofmonths.html" server="ftp.livrojqueryui.com.br//var/www/html/" local="129775179519687500" remote="129811624800000000" />
<file name="opcao-selectothermonths.html" server="ftp.livrojqueryui.com.br//var/www/html/" local="129775179519687500" remote="129811624800000000" />
<file name="opcao-showanim.html" server="ftp.livrojqueryui.com.br//var/www/html/" local="129775179519687500" remote="129811624800000000" />
<file name="opcao-showbuttonpanel.html" server="ftp.livrojqueryui.com.br//var/www/html/" local="129775179519687500" remote="129811624800000000" />
<file name="opcao-showcurrentatpos.html" server="ftp.livrojqueryui.com.br//var/www/html/" local="129775179519687500" remote="129811624800000000" />
<file name="opcao-showon.html" server="ftp.livrojqueryui.com.br//var/www/html/" local="129775179519687500" remote="129811624800000000" />
<file name="opcao-showothermonths.html" server="ftp.livrojqueryui.com.br//var/www/html/" local="129775179519687500" remote="129811624800000000" />
<file name="opcao-showweek.html" server="ftp.livrojqueryui.com.br//var/www/html/" local="129775179519687500" remote="129811624800000000" />
<file name="opcao-stepmonths.html" server="ftp.livrojqueryui.com.br//var/www/html/" local="129775179519687500" remote="129811624800000000" />
<file name="opcao-yearrange.html" server="ftp.livrojqueryui.com.br//var/www/html/" local="129775179519687500" remote="129811624800000000" />
<file name="opcao-yearsuffix.html" server="ftp.livrojqueryui.com.br//var/www/html/" local="129775179519843750" remote="129811624800000000" />
<file name="pt-br.html" server="ftp.livrojqueryui.com.br//var/www/html/" local="129775179519843750" remote="129811624800000000" />
</dwsync>