<?xml version="1.0" encoding="utf-8" ?>
<dwsync>
<file name="arraste-basico.html" server="ftp.livrojqueryui.com.br//var/www/html/" local="129775179534687500" remote="129811626000000000" />
<file name="classe-intrinseca.html" server="ftp.livrojqueryui.com.br//var/www/html/" local="129779791878906250" remote="129811626000000000" />
<file name="classe-padrao.html" server="ftp.livrojqueryui.com.br//var/www/html/" local="129775179534843750" remote="129811626000000000" />
<file name="evento-create.html" server="ftp.livrojqueryui.com.br//var/www/html/" local="129808177062343750" remote="129811626000000000" />
<file name="evento-drag.html" server="ftp.livrojqueryui.com.br//var/www/html/" local="129775179535937500" remote="129811626000000000" />
<file name="evento-start.html" server="ftp.livrojqueryui.com.br//var/www/html/" local="129775179536093750" remote="129811626000000000" />
<file name="evento-stop.html" server="ftp.livrojqueryui.com.br//var/www/html/" local="129808177725468750" remote="129811626000000000" />
<file name="ex-iframe.html" server="ftp.livrojqueryui.com.br//var/www/html/" local="129775179536250000" remote="129811626000000000" />
<file name="metodo-destroy.html" server="ftp.livrojqueryui.com.br//var/www/html/" local="129775179536406250" remote="129811626000000000" />
<file name="metodo-option.html" server="ftp.livrojqueryui.com.br//var/www/html/" local="129775193335663593" remote="129811626000000000" />
<file name="metodo-options.html" server="ftp.livrojqueryui.com.br//var/www/html/" local="129775229549257343" remote="129811626000000000" />
<file name="metodo-widget.html" server="ftp.livrojqueryui.com.br//var/www/html/" local="129775179536562500" remote="129811626000000000" />
<file name="metodos-disable-enable.html" server="ftp.livrojqueryui.com.br//var/www/html/" local="129775179536562500" remote="129811626000000000" />
<file name="opcao-addclasses.html" server="ftp.livrojqueryui.com.br//var/www/html/" local="129775179536718750" remote="129811626000000000" />
<file name="opcao-axis.html" server="ftp.livrojqueryui.com.br//var/www/html/" local="129775179536718750" remote="129811626000000000" />
<file name="opcao-cancel.html" server="ftp.livrojqueryui.com.br//var/www/html/" local="129775179536875000" remote="129811626000000000" />
<file name="opcao-containment.html" server="ftp.livrojqueryui.com.br//var/www/html/" local="129775179536875000" remote="129811626000000000" />
<file name="opcao-cursor.html" server="ftp.livrojqueryui.com.br//var/www/html/" local="129775179537031250" remote="129811626000000000" />
<file name="opcao-cursorat.html" server="ftp.livrojqueryui.com.br//var/www/html/" local="129775179537031250" remote="129811626000000000" />
<file name="opcao-delay.html" server="ftp.livrojqueryui.com.br//var/www/html/" local="129775179537031250" remote="129811626000000000" />
<file name="opcao-disabled.html" server="ftp.livrojqueryui.com.br//var/www/html/" local="129775179537187500" remote="129811626000000000" />
<file name="opcao-distance.html" server="ftp.livrojqueryui.com.br//var/www/html/" local="129775179537187500" remote="129811626000000000" />
<file name="opcao-grid.html" server="ftp.livrojqueryui.com.br//var/www/html/" local="129775179537500000" remote="129811626000000000" />
<file name="opcao-handle.html" server="ftp.livrojqueryui.com.br//var/www/html/" local="129775179537500000" remote="129811626000000000" />
<file name="opcao-helper.html" server="ftp.livrojqueryui.com.br//var/www/html/" local="129775179537656250" remote="129811626000000000" />
<file name="opcao-iframefix.html" server="ftp.livrojqueryui.com.br//var/www/html/" local="129775179537656250" remote="129811626000000000" />
<file name="opcao-opacity.html" server="ftp.livrojqueryui.com.br//var/www/html/" local="129775179537656250" remote="129811626000000000" />
<file name="opcao-revert.html" server="ftp.livrojqueryui.com.br//var/www/html/" local="129775179537812500" remote="129811626000000000" />
<file name="opcao-revertduration.html" server="ftp.livrojqueryui.com.br//var/www/html/" local="129775179537812500" remote="129811626000000000" />
<file name="opcao-scroll.html" server="ftp.livrojqueryui.com.br//var/www/html/" local="129775179537968750" remote="129811626000000000" />
<file name="opcao-scrollsensitivity.html" server="ftp.livrojqueryui.com.br//var/www/html/" local="129775179537968750" remote="129811626000000000" />
<file name="opcao-scrollspeed.html" server="ftp.livrojqueryui.com.br//var/www/html/" local="129775179538125000" remote="129811626000000000" />
<file name="opcao-snap.html" server="ftp.livrojqueryui.com.br//var/www/html/" local="129775179538125000" remote="129811626000000000" />
<file name="opcao-stack.html" server="ftp.livrojqueryui.com.br//var/www/html/" local="129775179538125000" remote="129811626000000000" />
<file name="opcao-z-index.html" server="ftp.livrojqueryui.com.br//var/www/html/" local="129775179538281250" remote="129811626000000000" />
<file name="provisorio.html" server="ftp.livrojqueryui.com.br//var/www/html/" local="129775179538281250" remote="129811626000000000" />
</dwsync>