<?xml version="1.0" encoding="utf-8" ?>
<dwsync>
<file name="ui-bg_flat_75_aaaaaa_40x100.png" server="ftp.livrojqueryui.com.br//var/www/html/" local="129775179520156250" remote="129811624800000000" />
<file name="ui-bg_glass_100_f5f0e5_1x400.png" server="ftp.livrojqueryui.com.br//var/www/html/" local="129775179520312500" remote="129811624800000000" />
<file name="ui-bg_glass_25_cb842e_1x400.png" server="ftp.livrojqueryui.com.br//var/www/html/" local="129775179520312500" remote="129811624800000000" />
<file name="ui-bg_glass_70_ede4d4_1x400.png" server="ftp.livrojqueryui.com.br//var/www/html/" local="129775179520312500" remote="129811624800000000" />
<file name="ui-bg_highlight-hard_100_f4f0ec_1x100.png" server="ftp.livrojqueryui.com.br//var/www/html/" local="129775179520312500" remote="129811624800000000" />
<file name="ui-bg_highlight-hard_65_fee4bd_1x100.png" server="ftp.livrojqueryui.com.br//var/www/html/" local="129775179520312500" remote="129811624800000000" />
<file name="ui-bg_highlight-hard_75_f5f5b5_1x100.png" server="ftp.livrojqueryui.com.br//var/www/html/" local="129775179520312500" remote="129811624800000000" />
<file name="ui-bg_inset-soft_100_f4f0ec_1x100.png" server="ftp.livrojqueryui.com.br//var/www/html/" local="129775179520312500" remote="129811624800000000" />
<file name="ui-icons_c47a23_256x240.png" server="ftp.livrojqueryui.com.br//var/www/html/" local="129775179520468750" remote="129811624800000000" />
<file name="ui-icons_cb672b_256x240.png" server="ftp.livrojqueryui.com.br//var/www/html/" local="129775179520625000" remote="129811624800000000" />
<file name="ui-icons_f08000_256x240.png" server="ftp.livrojqueryui.com.br//var/www/html/" local="129775179520781250" remote="129811624800000000" />
<file name="ui-icons_f35f07_256x240.png" server="ftp.livrojqueryui.com.br//var/www/html/" local="129775179520937500" remote="129811624800000000" />
<file name="ui-icons_ff7519_256x240.png" server="ftp.livrojqueryui.com.br//var/www/html/" local="129775179521406250" remote="129811624800000000" />
<file name="ui-icons_ffffff_256x240.png" server="ftp.livrojqueryui.com.br//var/www/html/" local="129775179521406250" remote="129811624800000000" />
</dwsync>