<?xml version="1.0" encoding="utf-8" ?>
<dwsync>
<file name="dialog-basico.html" server="ftp.livrojqueryui.com.br//var/www/html/" local="129775179521406250" remote="129811624800000000" />
<file name="eventos.html" server="ftp.livrojqueryui.com.br//var/www/html/" local="129808209230937500" remote="129811624800000000" />
<file name="metodo-close.html" server="ftp.livrojqueryui.com.br//var/www/html/" local="129775179521562500" remote="129811624800000000" />
<file name="metodo-destroy.html" server="ftp.livrojqueryui.com.br//var/www/html/" local="129808210896875000" remote="129811624800000000" />
<file name="metodo-isopen.html" server="ftp.livrojqueryui.com.br//var/www/html/" local="129775179521718750" remote="129811624800000000" />
<file name="metodo-open.html" server="ftp.livrojqueryui.com.br//var/www/html/" local="129808206357656250" remote="129811624800000000" />
<file name="metodo-option.html" server="ftp.livrojqueryui.com.br//var/www/html/" local="129775179521718750" remote="129811624800000000" />
<file name="metodo-widget.html" server="ftp.livrojqueryui.com.br//var/www/html/" local="129775179521875000" remote="129811624800000000" />
<file name="metodos-disable-enable.html" server="ftp.livrojqueryui.com.br//var/www/html/" local="129775179521875000" remote="129811624800000000" />
<file name="opcao-autoopen.html" server="ftp.livrojqueryui.com.br//var/www/html/" local="129775179521875000" remote="129811624800000000" />
<file name="opcao-buttons.html" server="ftp.livrojqueryui.com.br//var/www/html/" local="129808207562968750" remote="129811624800000000" />
<file name="opcao-closeonescape.html" server="ftp.livrojqueryui.com.br//var/www/html/" local="129775179522031250" remote="129811624800000000" />
<file name="opcao-height.html" server="ftp.livrojqueryui.com.br//var/www/html/" local="129775179522031250" remote="129811624800000000" />
<file name="opcao-max-min.html" server="ftp.livrojqueryui.com.br//var/www/html/" local="129775179522031250" remote="129811624800000000" />
<file name="opcao-modal.html" server="ftp.livrojqueryui.com.br//var/www/html/" local="129775179522187500" remote="129811624800000000" />
<file name="opcao-position.html" server="ftp.livrojqueryui.com.br//var/www/html/" local="129775179522187500" remote="129811624800000000" />
<file name="opcao-resizable-draggable.html" server="ftp.livrojqueryui.com.br//var/www/html/" local="129776700414687500" remote="129811624800000000" />
<file name="opcao-show-hide.html" server="ftp.livrojqueryui.com.br//var/www/html/" local="129775179522343750" remote="129811624800000000" />
<file name="opcao-title.html" server="ftp.livrojqueryui.com.br//var/www/html/" local="129775179522343750" remote="129811624800000000" />
<file name="opcao-width.html" server="ftp.livrojqueryui.com.br//var/www/html/" local="129775179522343750" remote="129811624800000000" />
</dwsync>