<?xml version="1.0" encoding="utf-8" ?>
<dwsync>
<file name="classe-intrinseca.html" server="ftp.livrojqueryui.com.br//var/www/html/" local="129775179544062500" remote="129811626000000000" />
<file name="classe-padrao.html" server="ftp.livrojqueryui.com.br//var/www/html/" local="129775179544218750" remote="129811626000000000" />
<file name="evento-create.html" server="ftp.livrojqueryui.com.br//var/www/html/" local="129775179545312500" remote="129811626600000000" />
<file name="evento-resize.html" server="ftp.livrojqueryui.com.br//var/www/html/" local="129775179545312500" remote="129811626600000000" />
<file name="evento-start.html" server="ftp.livrojqueryui.com.br//var/www/html/" local="129775179545312500" remote="129811626600000000" />
<file name="evento-stop.html" server="ftp.livrojqueryui.com.br//var/www/html/" local="129775179545781250" remote="129811626600000000" />
<file name="metodo-destroy.html" server="ftp.livrojqueryui.com.br//var/www/html/" local="129775179545781250" remote="129811626600000000" />
<file name="metodo-option.html" server="ftp.livrojqueryui.com.br//var/www/html/" local="129775179545937500" remote="129811626600000000" />
<file name="metodo-options.html" server="ftp.livrojqueryui.com.br//var/www/html/" local="129775179545937500" remote="129811626600000000" />
<file name="metodo-widget.html" server="ftp.livrojqueryui.com.br//var/www/html/" local="129775179546093750" remote="129811626600000000" />
<file name="metodos-disable-enable.html" server="ftp.livrojqueryui.com.br//var/www/html/" local="129775179546093750" remote="129811626600000000" />
<file name="opcao-alsoresize.html" server="ftp.livrojqueryui.com.br//var/www/html/" local="129775179546093750" remote="129811626600000000" />
<file name="opcao-animate.html" server="ftp.livrojqueryui.com.br//var/www/html/" local="129775179546250000" remote="129811626600000000" />
<file name="opcao-animateduration.html" server="ftp.livrojqueryui.com.br//var/www/html/" local="129775179546250000" remote="129811626600000000" />
<file name="opcao-aspectratio.html" server="ftp.livrojqueryui.com.br//var/www/html/" local="129775179546406250" remote="129811626600000000" />
<file name="opcao-autohide.html" server="ftp.livrojqueryui.com.br//var/www/html/" local="129775179546406250" remote="129811626600000000" />
<file name="opcao-cancel.html" server="ftp.livrojqueryui.com.br//var/www/html/" local="129775179546562500" remote="129811626600000000" />
<file name="opcao-containment.html" server="ftp.livrojqueryui.com.br//var/www/html/" local="129775179546562500" remote="129811626600000000" />
<file name="opcao-delay.html" server="ftp.livrojqueryui.com.br//var/www/html/" local="129775179546718750" remote="129811626600000000" />
<file name="opcao-dimensoes.html" server="ftp.livrojqueryui.com.br//var/www/html/" local="129775179546718750" remote="129811626600000000" />
<file name="opcao-disabled.html" server="ftp.livrojqueryui.com.br//var/www/html/" local="129775179546718750" remote="129811626600000000" />
<file name="opcao-distance.html" server="ftp.livrojqueryui.com.br//var/www/html/" local="129775179546875000" remote="129811626600000000" />
<file name="opcao-ghost.html" server="ftp.livrojqueryui.com.br//var/www/html/" local="129775179546875000" remote="129811626600000000" />
<file name="opcao-grid.html" server="ftp.livrojqueryui.com.br//var/www/html/" local="129775179547031250" remote="129811626600000000" />
<file name="opcao-handles-personalizados.html" server="ftp.livrojqueryui.com.br//var/www/html/" local="129775179547187500" remote="129811626600000000" />
<file name="opcao-handles.html" server="ftp.livrojqueryui.com.br//var/www/html/" local="129775179547187500" remote="129811626600000000" />
<file name="opcao-helper.html" server="ftp.livrojqueryui.com.br//var/www/html/" local="129775179547343750" remote="129811626600000000" />
<file name="redimensionamento-basico.html" server="ftp.livrojqueryui.com.br//var/www/html/" local="129775179547343750" remote="129811626600000000" />
</dwsync>