<?xml version="1.0" encoding="utf-8" ?>
<dwsync>
<file name="autocompletar-basico.html" server="ftp.livrojqueryui.com.br//var/www/html/" local="129775179557968750" remote="129811627200000000" />
<file name="autocompletar-scroll.html" server="ftp.livrojqueryui.com.br//var/www/html/" local="129775179558125000" remote="129811627200000000" />
<file name="busca-array.html" server="ftp.livrojqueryui.com.br//var/www/html/" local="129808190741562500" remote="129811627200000000" />
<file name="busca-json.html" server="ftp.livrojqueryui.com.br//var/www/html/" local="129776099962343750" remote="129811627200000000" />
<file name="classe-intrinseca1.html" server="ftp.livrojqueryui.com.br//var/www/html/" local="129775179558281250" remote="129811627200000000" />
<file name="classe-intrinseca2.html" server="ftp.livrojqueryui.com.br//var/www/html/" local="129775179558437500" remote="129811627200000000" />
<file name="classe-padrao.html" server="ftp.livrojqueryui.com.br//var/www/html/" local="129775179558437500" remote="129811627200000000" />
<file name="esquema-posicionamento.png" server="ftp.livrojqueryui.com.br//var/www/html/" local="129775179560781250" remote="129811627200000000" />
<file name="evento-change.html" server="ftp.livrojqueryui.com.br//var/www/html/" local="129808188804531250" remote="129811627200000000" />
<file name="evento-close.html" server="ftp.livrojqueryui.com.br//var/www/html/" local="129808188804218750" remote="129811627200000000" />
<file name="evento-focus.html" server="ftp.livrojqueryui.com.br//var/www/html/" local="129808187786718750" remote="129811627200000000" />
<file name="evento-open.html" server="ftp.livrojqueryui.com.br//var/www/html/" local="129808187477968750" remote="129811627200000000" />
<file name="evento-search.html" server="ftp.livrojqueryui.com.br//var/www/html/" local="129808186892656250" remote="129811627200000000" />
<file name="evento-select.html" server="ftp.livrojqueryui.com.br//var/www/html/" local="129808188282343750" remote="129811627200000000" />
<file name="lista-frutas.txt" server="ftp.livrojqueryui.com.br//var/www/html/" local="129775179561250000" remote="129811627200000000" />
<file name="metodo-destroy.html" server="ftp.livrojqueryui.com.br//var/www/html/" local="129775179561406250" remote="129811627200000000" />
<file name="metodo-option.html" server="ftp.livrojqueryui.com.br//var/www/html/" local="129775179561406250" remote="129811627200000000" />
<file name="metodo-widget.html" server="ftp.livrojqueryui.com.br//var/www/html/" local="129808189618906250" remote="129811627200000000" />
<file name="metodos-disable-enable.html" server="ftp.livrojqueryui.com.br//var/www/html/" local="129775179561562500" remote="129811627200000000" />
<file name="metodos-search-close.html" server="ftp.livrojqueryui.com.br//var/www/html/" local="129775179561562500" remote="129811627200000000" />
<file name="opcao-appendto.html" server="ftp.livrojqueryui.com.br//var/www/html/" local="129775179561875000" remote="129811627200000000" />
<file name="opcao-autofocus.html" server="ftp.livrojqueryui.com.br//var/www/html/" local="129775179561875000" remote="129811627200000000" />
<file name="opcao-delay.html" server="ftp.livrojqueryui.com.br//var/www/html/" local="129775179562031250" remote="129811627200000000" />
<file name="opcao-disabled.html" server="ftp.livrojqueryui.com.br//var/www/html/" local="129775179562031250" remote="129811627200000000" />
<file name="opcao-minlength.html" server="ftp.livrojqueryui.com.br//var/www/html/" local="129775179562031250" remote="129811627200000000" />
<file name="opcao-position.html" server="ftp.livrojqueryui.com.br//var/www/html/" local="129808184162187500" remote="129811627200000000" />
</dwsync>