<?xml version="1.0" encoding="utf-8" ?>
<dwsync>
<file name="efeito-transfer.html" server="ftp.livrojqueryui.com.br//var/www/html/" local="129775179531875000" remote="129811625400000000" />
<file name="add-remove-classe.html" server="ftp.livrojqueryui.com.br//var/www/html/" local="129775179529531250" remote="129811625400000000" />
<file name="animar-cor.html" server="ftp.livrojqueryui.com.br//var/www/html/" local="129775179529531250" remote="129811625400000000" />
<file name="efeito-blind.html" server="ftp.livrojqueryui.com.br//var/www/html/" local="129775179530781250" remote="129811625400000000" />
<file name="efeito-bounce.html" server="ftp.livrojqueryui.com.br//var/www/html/" local="129775179530937500" remote="129811625400000000" />
<file name="efeito-clip.html" server="ftp.livrojqueryui.com.br//var/www/html/" local="129775179530937500" remote="129811625400000000" />
<file name="efeito-drop.html" server="ftp.livrojqueryui.com.br//var/www/html/" local="129775179530937500" remote="129811625400000000" />
<file name="efeito-explode.html" server="ftp.livrojqueryui.com.br//var/www/html/" local="129780266361406250" remote="129811625400000000" />
<file name="efeito-fade.html" server="ftp.livrojqueryui.com.br//var/www/html/" local="129808247544531250" remote="129811625400000000" />
<file name="efeito-fold.html" server="ftp.livrojqueryui.com.br//var/www/html/" local="129808247457343750" remote="129811625400000000" />
<file name="efeito-highlight.html" server="ftp.livrojqueryui.com.br//var/www/html/" local="129775179531406250" remote="129811625400000000" />
<file name="efeito-puff.html" server="ftp.livrojqueryui.com.br//var/www/html/" local="129808248134687500" remote="129811625400000000" />
<file name="efeito-pulsate.html" server="ftp.livrojqueryui.com.br//var/www/html/" local="129775179531562500" remote="129811625400000000" />
<file name="efeito-scale.html" server="ftp.livrojqueryui.com.br//var/www/html/" local="129775179531562500" remote="129811625400000000" />
<file name="efeito-shake.html" server="ftp.livrojqueryui.com.br//var/www/html/" local="129775179531718750" remote="129811625400000000" />
<file name="efeito-size.html" server="ftp.livrojqueryui.com.br//var/www/html/" local="129775179531718750" remote="129811625400000000" />
<file name="efeito-slide.html" server="ftp.livrojqueryui.com.br//var/www/html/" local="129775179531718750" remote="129811625400000000" />
<file name="efeitos.css" server="ftp.livrojqueryui.com.br//var/www/html/" local="129775179531875000" remote="129811625400000000" />
<file name="switch-classe.html" server="ftp.livrojqueryui.com.br//var/www/html/" local="129775179532031250" remote="129811625400000000" />
<file name="toggle-classe.html" server="ftp.livrojqueryui.com.br//var/www/html/" local="129775179532031250" remote="129811625400000000" />
</dwsync>