<?xml version="1.0" encoding="utf-8" ?>
<dwsync>
<file name="classe-intrinseca.html" server="ftp.livrojqueryui.com.br//var/www/html/" local="129780126032968750" remote="129811626000000000" />
<file name="classe-padrao.html" server="ftp.livrojqueryui.com.br//var/www/html/" local="129775777820781250" remote="129811626000000000" />
<file name="evento-activate.html" server="ftp.livrojqueryui.com.br//var/www/html/" local="129780121577187500" remote="129811626000000000" />
<file name="evento-create.html" server="ftp.livrojqueryui.com.br//var/www/html/" local="129808180904218750" remote="129811626000000000" />
<file name="evento-deactivate.html" server="ftp.livrojqueryui.com.br//var/www/html/" local="129775179542812500" remote="129811626000000000" />
<file name="evento-drop.html" server="ftp.livrojqueryui.com.br//var/www/html/" local="129775179542812500" remote="129811626000000000" />
<file name="evento-out.html" server="ftp.livrojqueryui.com.br//var/www/html/" local="129780122916875000" remote="129811626000000000" />
<file name="evento-over.html" server="ftp.livrojqueryui.com.br//var/www/html/" local="129808181616562500" remote="129811626000000000" />
<file name="metodo-destroy.html" server="ftp.livrojqueryui.com.br//var/www/html/" local="129775179543125000" remote="129811626000000000" />
<file name="metodo-option.html" server="ftp.livrojqueryui.com.br//var/www/html/" local="129776794525156250" remote="129811626000000000" />
<file name="metodo-options.html" server="ftp.livrojqueryui.com.br//var/www/html/" local="129775179543281250" remote="129811626000000000" />
<file name="metodo-widget.html" server="ftp.livrojqueryui.com.br//var/www/html/" local="129808105588437500" remote="129811626000000000" />
<file name="metodos-disable-enable.html" server="ftp.livrojqueryui.com.br//var/www/html/" local="129775179543593750" remote="129811626000000000" />
<file name="opcao-accept.html" server="ftp.livrojqueryui.com.br//var/www/html/" local="129808178646562500" remote="129811626000000000" />
<file name="opcao-activeclass.html" server="ftp.livrojqueryui.com.br//var/www/html/" local="129775179543750000" remote="129811626000000000" />
<file name="opcao-disabled.html" server="ftp.livrojqueryui.com.br//var/www/html/" local="129775179543750000" remote="129811626000000000" />
<file name="opcao-greedy.html" server="ftp.livrojqueryui.com.br//var/www/html/" local="129775179543750000" remote="129811626000000000" />
<file name="opcao-scope.html" server="ftp.livrojqueryui.com.br//var/www/html/" local="129775179543906250" remote="129811626000000000" />
<file name="opcao-tolerance.html" server="ftp.livrojqueryui.com.br//var/www/html/" local="129775179543906250" remote="129811626000000000" />
<file name="soltar-basico.html" server="ftp.livrojqueryui.com.br//var/www/html/" local="129775179544062500" remote="129811626000000000" />
</dwsync>