<?xml version="1.0" encoding="utf-8" ?>
<dwsync>
<file name="ui-bg_flat_55_999999_40x100.png" server="ftp.livrojqueryui.com.br//var/www/html/" local="129775179532343750" remote="129811625400000000" />
<file name="ui-bg_flat_75_aaaaaa_40x100.png" server="ftp.livrojqueryui.com.br//var/www/html/" local="129775179532343750" remote="129811625400000000" />
<file name="ui-bg_glass_45_0078ae_1x400.png" server="ftp.livrojqueryui.com.br//var/www/html/" local="129775179532343750" remote="129811625400000000" />
<file name="ui-bg_glass_55_f8da4e_1x400.png" server="ftp.livrojqueryui.com.br//var/www/html/" local="129775179532500000" remote="129811625400000000" />
<file name="ui-bg_glass_75_79c9ec_1x400.png" server="ftp.livrojqueryui.com.br//var/www/html/" local="129775179532500000" remote="129811625400000000" />
<file name="ui-bg_gloss-wave_45_e14f1c_500x100.png" server="ftp.livrojqueryui.com.br//var/www/html/" local="129775179532500000" remote="129811625400000000" />
<file name="ui-bg_gloss-wave_50_6eac2c_500x100.png" server="ftp.livrojqueryui.com.br//var/www/html/" local="129775179532656250" remote="129811625400000000" />
<file name="ui-bg_gloss-wave_75_2191c0_500x100.png" server="ftp.livrojqueryui.com.br//var/www/html/" local="129775179532656250" remote="129811625400000000" />
<file name="ui-bg_inset-hard_100_fcfdfd_1x100.png" server="ftp.livrojqueryui.com.br//var/www/html/" local="129775179532656250" remote="129811625400000000" />
<file name="ui-icons_0078ae_256x240.png" server="ftp.livrojqueryui.com.br//var/www/html/" local="129775179532812500" remote="129811625400000000" />
<file name="ui-icons_056b93_256x240.png" server="ftp.livrojqueryui.com.br//var/www/html/" local="129775179532812500" remote="129811625400000000" />
<file name="ui-icons_d8e7f3_256x240.png" server="ftp.livrojqueryui.com.br//var/www/html/" local="129775179532812500" remote="129811625400000000" />
<file name="ui-icons_e0fdff_256x240.png" server="ftp.livrojqueryui.com.br//var/www/html/" local="129775179532968750" remote="129811625400000000" />
<file name="ui-icons_f5e175_256x240.png" server="ftp.livrojqueryui.com.br//var/www/html/" local="129775179532968750" remote="129811625400000000" />
<file name="ui-icons_f7a50d_256x240.png" server="ftp.livrojqueryui.com.br//var/www/html/" local="129775179532968750" remote="129811625400000000" />
<file name="ui-icons_fcd113_256x240.png" server="ftp.livrojqueryui.com.br//var/www/html/" local="129775179533125000" remote="129811625400000000" />
</dwsync>