<?xml version="1.0" encoding="utf-8" ?>
<dwsync>
<file name="barra-ferramentas.html" server="ftp.livrojqueryui.com.br//var/www/html/" local="129808193964531250" remote="129811627200000000" />
<file name="botao-basico.html" server="ftp.livrojqueryui.com.br//var/www/html/" local="129775179562343750" remote="129811627200000000" />
<file name="conjunto-checkbox.html" server="ftp.livrojqueryui.com.br//var/www/html/" local="129775179562343750" remote="129811627200000000" />
<file name="conjunto-radio.html" server="ftp.livrojqueryui.com.br//var/www/html/" local="129775179562500000" remote="129811627200000000" />
<file name="evento-create.html" server="ftp.livrojqueryui.com.br//var/www/html/" local="129775179564687500" remote="129811627800000000" />
<file name="metodo-destroy.html" server="ftp.livrojqueryui.com.br//var/www/html/" local="129775179564843750" remote="129811627800000000" />
<file name="metodo-option.html" server="ftp.livrojqueryui.com.br//var/www/html/" local="129775179565000000" remote="129811627800000000" />
<file name="metodo-widget.html" server="ftp.livrojqueryui.com.br//var/www/html/" local="129808193281718750" remote="129811627800000000" />
<file name="metodos-disable-enable.html" server="ftp.livrojqueryui.com.br//var/www/html/" local="129775179565156250" remote="129811627800000000" />
<file name="opcao-disabled.html" server="ftp.livrojqueryui.com.br//var/www/html/" local="129775179565156250" remote="129811627800000000" />
<file name="opcao-icons.html" server="ftp.livrojqueryui.com.br//var/www/html/" local="129775179565312500" remote="129811627800000000" />
<file name="opcao-label.html" server="ftp.livrojqueryui.com.br//var/www/html/" local="129775179565312500" remote="129811627800000000" />
<file name="opcao-text.html" server="ftp.livrojqueryui.com.br//var/www/html/" local="129775179565312500" remote="129811627800000000" />
<file name="selecionar-limpar.html" server="ftp.livrojqueryui.com.br//var/www/html/" local="129775179565468750" remote="129811627800000000" />
</dwsync>