<?xml version="1.0" encoding="utf-8" ?>
<dwsync>
<file name="barra-animada.html" server="ftp.livrojqueryui.com.br//var/www/html/" local="129775179522343750" remote="129811624800000000" />
<file name="barra-de-progresso-basica.html" server="ftp.livrojqueryui.com.br//var/www/html/" local="129775179522500000" remote="129811624800000000" />
<file name="barra-funcionando.html" server="ftp.livrojqueryui.com.br//var/www/html/" local="129808212812656250" remote="129811624800000000" />
<file name="dimensionar-barra.html" server="ftp.livrojqueryui.com.br//var/www/html/" local="129775179523906250" remote="129811624800000000" />
<file name="eventos-change-complete.html" server="ftp.livrojqueryui.com.br//var/www/html/" local="129808219285312500" remote="129811624800000000" />
<file name="metodo-destroy.html" server="ftp.livrojqueryui.com.br//var/www/html/" local="129775179524062500" remote="129811624800000000" />
<file name="metodo-option.html" server="ftp.livrojqueryui.com.br//var/www/html/" local="129775179524062500" remote="129811624800000000" />
<file name="metodo-widget.html" server="ftp.livrojqueryui.com.br//var/www/html/" local="129775179524062500" remote="129811624800000000" />
<file name="metodos-disable-enable.html" server="ftp.livrojqueryui.com.br//var/www/html/" local="129775179524218750" remote="129811624800000000" />
<file name="opcao-value.html" server="ftp.livrojqueryui.com.br//var/www/html/" local="129775179524218750" remote="129811624800000000" />
</dwsync>