<?xml version="1.0" encoding="utf-8" ?>
<dwsync>
<file name="ui-bg_diagonals-small_50_262626_40x40.png" server="ftp.livrojqueryui.com.br//var/www/html/" local="129775179562500000" remote="129811627800000000" />
<file name="ui-bg_flat_0_303030_40x100.png" server="ftp.livrojqueryui.com.br//var/www/html/" local="129775179562500000" remote="129811627800000000" />
<file name="ui-bg_flat_0_4c4c4c_40x100.png" server="ftp.livrojqueryui.com.br//var/www/html/" local="129775179562812500" remote="129811627800000000" />
<file name="ui-bg_glass_40_0a0a0a_1x400.png" server="ftp.livrojqueryui.com.br//var/www/html/" local="129775179562812500" remote="129811627800000000" />
<file name="ui-bg_glass_55_f1fbe5_1x400.png" server="ftp.livrojqueryui.com.br//var/www/html/" local="129775179562968750" remote="129811627800000000" />
<file name="ui-bg_glass_60_000000_1x400.png" server="ftp.livrojqueryui.com.br//var/www/html/" local="129775179562968750" remote="129811627800000000" />
<file name="ui-bg_gloss-wave_55_000000_500x100.png" server="ftp.livrojqueryui.com.br//var/www/html/" local="129775179563125000" remote="129811627800000000" />
<file name="ui-bg_gloss-wave_85_9fda58_500x100.png" server="ftp.livrojqueryui.com.br//var/www/html/" local="129775179563437500" remote="129811627800000000" />
<file name="ui-bg_gloss-wave_95_f6ecd5_500x100.png" server="ftp.livrojqueryui.com.br//var/www/html/" local="129775179563437500" remote="129811627800000000" />
<file name="ui-icons_000000_256x240.png" server="ftp.livrojqueryui.com.br//var/www/html/" local="129775179563593750" remote="129811627800000000" />
<file name="ui-icons_1f1f1f_256x240.png" server="ftp.livrojqueryui.com.br//var/www/html/" local="129775179564062500" remote="129811627800000000" />
<file name="ui-icons_9fda58_256x240.png" server="ftp.livrojqueryui.com.br//var/www/html/" local="129775179564375000" remote="129811627800000000" />
<file name="ui-icons_b8ec79_256x240.png" server="ftp.livrojqueryui.com.br//var/www/html/" local="129775179564375000" remote="129811627800000000" />
<file name="ui-icons_cd0a0a_256x240.png" server="ftp.livrojqueryui.com.br//var/www/html/" local="129775179564531250" remote="129811627800000000" />
<file name="ui-icons_ffffff_256x240.png" server="ftp.livrojqueryui.com.br//var/www/html/" local="129775179564687500" remote="129811627800000000" />
</dwsync>