<?xml version="1.0" encoding="utf-8" ?>
<dwsync>
<file name="metodo-rotate.html" server="ftp.livrojqueryui.com.br//var/www/html/" local="129775179527187500" remote="129811625400000000" />
<file name="abas-basico.html" server="ftp.livrojqueryui.com.br//var/www/html/" local="129775179526093750" remote="129811624800000000" />
<file name="evento-create.html" server="ftp.livrojqueryui.com.br//var/www/html/" local="129775179526718750" remote="129811624800000000" />
<file name="evento-select.html" server="ftp.livrojqueryui.com.br//var/www/html/" local="129775179526875000" remote="129811624800000000" />
<file name="evento-show.html" server="ftp.livrojqueryui.com.br//var/www/html/" local="129775179526875000" remote="129811624800000000" />
<file name="maca.html" server="ftp.livrojqueryui.com.br//var/www/html/" local="129775179526875000" remote="129811625400000000" />
<file name="metodo-add.html" server="ftp.livrojqueryui.com.br//var/www/html/" local="129806479345312500" remote="129811625400000000" />
<file name="metodo-destroy.html" server="ftp.livrojqueryui.com.br//var/www/html/" local="129775179527031250" remote="129811625400000000" />
<file name="metodo-length.html" server="ftp.livrojqueryui.com.br//var/www/html/" local="129775179527031250" remote="129811625400000000" />
<file name="metodo-option.html" server="ftp.livrojqueryui.com.br//var/www/html/" local="129775179527187500" remote="129811625400000000" />
<file name="metodo-remove.html" server="ftp.livrojqueryui.com.br//var/www/html/" local="129808242039843750" remote="129811625400000000" />
<file name="metodo-select.html" server="ftp.livrojqueryui.com.br//var/www/html/" local="129775179527187500" remote="129811625400000000" />
<file name="metodo-widget.html" server="ftp.livrojqueryui.com.br//var/www/html/" local="129775179527343750" remote="129811625400000000" />
<file name="metodos-disable-enable.html" server="ftp.livrojqueryui.com.br//var/www/html/" local="129775179527500000" remote="129811625400000000" />
<file name="opcao-collapsible.html" server="ftp.livrojqueryui.com.br//var/www/html/" local="129775179527500000" remote="129811625400000000" />
<file name="opcao-disabled-array.html" server="ftp.livrojqueryui.com.br//var/www/html/" local="129775179527656250" remote="129811625400000000" />
<file name="opcao-disabled.html" server="ftp.livrojqueryui.com.br//var/www/html/" local="129775179527656250" remote="129811625400000000" />
<file name="opcao-event.html" server="ftp.livrojqueryui.com.br//var/www/html/" local="129775179527656250" remote="129811625400000000" />
<file name="opcao-fx.html" server="ftp.livrojqueryui.com.br//var/www/html/" local="129808218423750000" remote="129811625400000000" />
<file name="opcao-selected.html" server="ftp.livrojqueryui.com.br//var/www/html/" local="129775179527812500" remote="129811625400000000" />
<file name="opcoes-ajaxoptions-cache-spinner.html" server="ftp.livrojqueryui.com.br//var/www/html/" local="129808240512031250" remote="129811625400000000" />
<file name="pera.html" server="ftp.livrojqueryui.com.br//var/www/html/" local="129775179527812500" remote="129811625400000000" />
<file name="uva.html" server="ftp.livrojqueryui.com.br//var/www/html/" local="129775179527812500" remote="129811625400000000" />
<file name="limao.html" server="ftp.livrojqueryui.com.br//var/www/html/" local="129806482183125000" remote="129811625400000000" />
</dwsync>