<?xml version="1.0" encoding="utf-8" ?>
<dwsync>
<file name="ui-bg_diagonals-medium_20_d34d17_40x40.png" server="ftp.livrojqueryui.com.br//var/www/html/" local="129775179558437500" remote="129811627200000000" />
<file name="ui-bg_flat_30_cccccc_40x100.png" server="ftp.livrojqueryui.com.br//var/www/html/" local="129775179558593750" remote="129811627200000000" />
<file name="ui-bg_flat_50_5c5c5c_40x100.png" server="ftp.livrojqueryui.com.br//var/www/html/" local="129775179558750000" remote="129811627200000000" />
<file name="ui-bg_gloss-wave_45_817865_500x100.png" server="ftp.livrojqueryui.com.br//var/www/html/" local="129775179558906250" remote="129811627200000000" />
<file name="ui-bg_gloss-wave_60_fece2f_500x100.png" server="ftp.livrojqueryui.com.br//var/www/html/" local="129775179558906250" remote="129811627200000000" />
<file name="ui-bg_gloss-wave_70_ffdd57_500x100.png" server="ftp.livrojqueryui.com.br//var/www/html/" local="129775179559218750" remote="129811627200000000" />
<file name="ui-bg_gloss-wave_90_fff9e5_500x100.png" server="ftp.livrojqueryui.com.br//var/www/html/" local="129775179559218750" remote="129811627200000000" />
<file name="ui-bg_highlight-soft_100_feeebd_1x100.png" server="ftp.livrojqueryui.com.br//var/www/html/" local="129775179559218750" remote="129811627200000000" />
<file name="ui-bg_inset-soft_30_ffffff_1x100.png" server="ftp.livrojqueryui.com.br//var/www/html/" local="129775179559375000" remote="129811627200000000" />
<file name="ui-icons_3d3d3d_256x240.png" server="ftp.livrojqueryui.com.br//var/www/html/" local="129775179559375000" remote="129811627200000000" />
<file name="ui-icons_bd7b00_256x240.png" server="ftp.livrojqueryui.com.br//var/www/html/" local="129775179559531250" remote="129811627200000000" />
<file name="ui-icons_d19405_256x240.png" server="ftp.livrojqueryui.com.br//var/www/html/" local="129775179559687500" remote="129811627200000000" />
<file name="ui-icons_eb990f_256x240.png" server="ftp.livrojqueryui.com.br//var/www/html/" local="129775179559843750" remote="129811627200000000" />
<file name="ui-icons_ed9f26_256x240.png" server="ftp.livrojqueryui.com.br//var/www/html/" local="129775179560000000" remote="129811627200000000" />
<file name="ui-icons_fadc7a_256x240.png" server="ftp.livrojqueryui.com.br//var/www/html/" local="129775179560000000" remote="129811627200000000" />
<file name="ui-icons_ffe180_256x240.png" server="ftp.livrojqueryui.com.br//var/www/html/" local="129775179560156250" remote="129811627200000000" />
</dwsync>