<?xml version="1.0" encoding="utf-8" ?>
<dwsync>
<file name="abacate.html" server="ftp.livrojqueryui.com.br//var/www/html/" local="129775179555000000" remote="129811626600000000" />
<file name="abacaxi.html" server="ftp.livrojqueryui.com.br//var/www/html/" local="129775179555000000" remote="129811626600000000" />
<file name="acordeao-basico.html" server="ftp.livrojqueryui.com.br//var/www/html/" local="129775179555000000" remote="129811626600000000" />
<file name="acordeao-ordenar.html" server="ftp.livrojqueryui.com.br//var/www/html/" local="129808173382656250" remote="129811626600000000" />
<file name="acordeao-redimensionar.html" server="ftp.livrojqueryui.com.br//var/www/html/" local="129775179555156250" remote="129811626600000000" />
<file name="classe-padrao.html" server="ftp.livrojqueryui.com.br//var/www/html/" local="129775179555312500" remote="129811626600000000" />
<file name="css2.1.html" server="ftp.livrojqueryui.com.br//var/www/html/" local="129775179556250000" remote="129811627200000000" />
<file name="css3.html" server="ftp.livrojqueryui.com.br//var/www/html/" local="129775179556250000" remote="129811627200000000" />
<file name="cupuacu.html" server="ftp.livrojqueryui.com.br//var/www/html/" local="129775179556406250" remote="129811627200000000" />
<file name="evento-change.html" server="ftp.livrojqueryui.com.br//var/www/html/" local="129775179556406250" remote="129811627200000000" />
<file name="html4.html" server="ftp.livrojqueryui.com.br//var/www/html/" local="129775179556562500" remote="129811627200000000" />
<file name="html5.html" server="ftp.livrojqueryui.com.br//var/www/html/" local="129775179556562500" remote="129811627200000000" />
<file name="laranja.html" server="ftp.livrojqueryui.com.br//var/www/html/" local="129775179556718750" remote="129811627200000000" />
<file name="metodo-activate.html" server="ftp.livrojqueryui.com.br//var/www/html/" local="129808171481718750" remote="129811627200000000" />
<file name="metodo-destroy.html" server="ftp.livrojqueryui.com.br//var/www/html/" local="129808170466093750" remote="129811627200000000" />
<file name="metodo-resize.html" server="ftp.livrojqueryui.com.br//var/www/html/" local="129808172244843750" remote="129811627200000000" />
<file name="opcao-active.html" server="ftp.livrojqueryui.com.br//var/www/html/" local="129775179557031250" remote="129811627200000000" />
<file name="opcao-animated1.html" server="ftp.livrojqueryui.com.br//var/www/html/" local="129775179557187500" remote="129811627200000000" />
<file name="opcao-animated2.html" server="ftp.livrojqueryui.com.br//var/www/html/" local="129775179557187500" remote="129811627200000000" />
<file name="opcao-autoheight.html" server="ftp.livrojqueryui.com.br//var/www/html/" local="129775179557343750" remote="129811627200000000" />
<file name="opcao-clearstyle.html" server="ftp.livrojqueryui.com.br//var/www/html/" local="129775179557343750" remote="129811627200000000" />
<file name="opcao-collapsible.html" server="ftp.livrojqueryui.com.br//var/www/html/" local="129775179557343750" remote="129811627200000000" />
<file name="opcao-disabled.html" server="ftp.livrojqueryui.com.br//var/www/html/" local="129775179557500000" remote="129811627200000000" />
<file name="opcao-event.html" server="ftp.livrojqueryui.com.br//var/www/html/" local="129775179557500000" remote="129811627200000000" />
<file name="opcao-fillspace.html" server="ftp.livrojqueryui.com.br//var/www/html/" local="129775179557812500" remote="129811627200000000" />
<file name="opcao-header.html" server="ftp.livrojqueryui.com.br//var/www/html/" local="129775179557812500" remote="129811627200000000" />
<file name="opcao-icons.html" server="ftp.livrojqueryui.com.br//var/www/html/" local="129775179557968750" remote="129811627200000000" />
</dwsync>