<?xml version="1.0" encoding="utf-8" ?>
<dwsync>
<file name="ui-bg_diagonals-small_40_db4865_40x40.png" server="ftp.livrojqueryui.com.br//var/www/html/" local="129775179538593750" remote="129811626000000000" />
<file name="ui-bg_diagonals-small_50_93c3cd_40x40.png" server="ftp.livrojqueryui.com.br//var/www/html/" local="129775179538593750" remote="129811626000000000" />
<file name="ui-bg_diagonals-small_50_ff3853_40x40.png" server="ftp.livrojqueryui.com.br//var/www/html/" local="129775179538750000" remote="129811626000000000" />
<file name="ui-bg_diagonals-small_75_ccd232_40x40.png" server="ftp.livrojqueryui.com.br//var/www/html/" local="129775179538750000" remote="129811626000000000" />
<file name="ui-bg_dots-medium_80_ffff38_4x4.png" server="ftp.livrojqueryui.com.br//var/www/html/" local="129775179538750000" remote="129811626000000000" />
<file name="ui-bg_dots-small_35_35414f_2x2.png" server="ftp.livrojqueryui.com.br//var/www/html/" local="129775179538906250" remote="129811626000000000" />
<file name="ui-bg_flat_75_ba9217_40x100.png" server="ftp.livrojqueryui.com.br//var/www/html/" local="129775179538906250" remote="129811626000000000" />
<file name="ui-bg_flat_75_ffffff_40x100.png" server="ftp.livrojqueryui.com.br//var/www/html/" local="129775179538906250" remote="129811626000000000" />
<file name="ui-bg_white-lines_85_f7f7ba_40x100.png" server="ftp.livrojqueryui.com.br//var/www/html/" local="129775179539062500" remote="129811626000000000" />
<file name="ui-icons_454545_256x240.png" server="ftp.livrojqueryui.com.br//var/www/html/" local="129775179539062500" remote="129811626000000000" />
<file name="ui-icons_88a206_256x240.png" server="ftp.livrojqueryui.com.br//var/www/html/" local="129775179539218750" remote="129811626000000000" />
<file name="ui-icons_c02669_256x240.png" server="ftp.livrojqueryui.com.br//var/www/html/" local="129775179539218750" remote="129811626000000000" />
<file name="ui-icons_e1e463_256x240.png" server="ftp.livrojqueryui.com.br//var/www/html/" local="129775179539218750" remote="129811626000000000" />
<file name="ui-icons_ffeb33_256x240.png" server="ftp.livrojqueryui.com.br//var/www/html/" local="129775179539531250" remote="129811626000000000" />
<file name="ui-icons_ffffff_256x240.png" server="ftp.livrojqueryui.com.br//var/www/html/" local="129775179539687500" remote="129811626000000000" />
</dwsync>