<?xml version="1.0" encoding="utf-8" ?>
<dwsync>
<file name="ui-bg_diamond_10_4f4221_10x8.png" server="ftp.livrojqueryui.com.br//var/www/html/" local="129775179547968750" remote="129811626600000000" />
<file name="ui-bg_diamond_20_372806_10x8.png" server="ftp.livrojqueryui.com.br//var/www/html/" local="129775179547968750" remote="129811626600000000" />
<file name="ui-bg_diamond_25_675423_10x8.png" server="ftp.livrojqueryui.com.br//var/www/html/" local="129775179547968750" remote="129811626600000000" />
<file name="ui-bg_diamond_25_d5ac5d_10x8.png" server="ftp.livrojqueryui.com.br//var/www/html/" local="129775179548125000" remote="129811626600000000" />
<file name="ui-bg_diamond_8_261803_10x8.png" server="ftp.livrojqueryui.com.br//var/www/html/" local="129775179548125000" remote="129811626600000000" />
<file name="ui-bg_diamond_8_443113_10x8.png" server="ftp.livrojqueryui.com.br//var/www/html/" local="129775179548281250" remote="129811626600000000" />
<file name="ui-bg_flat_75_ddd4b0_40x100.png" server="ftp.livrojqueryui.com.br//var/www/html/" local="129775179548281250" remote="129811626600000000" />
<file name="ui-bg_highlight-hard_65_fee4bd_1x100.png" server="ftp.livrojqueryui.com.br//var/www/html/" local="129775179548437500" remote="129811626600000000" />
<file name="ui-icons_070603_256x240.png" server="ftp.livrojqueryui.com.br//var/www/html/" local="129775179548593750" remote="129811626600000000" />
<file name="ui-icons_e8e2b5_256x240.png" server="ftp.livrojqueryui.com.br//var/www/html/" local="129775179548750000" remote="129811626600000000" />
<file name="ui-icons_e9cd86_256x240.png" server="ftp.livrojqueryui.com.br//var/www/html/" local="129775179548750000" remote="129811626600000000" />
<file name="ui-icons_efec9f_256x240.png" server="ftp.livrojqueryui.com.br//var/www/html/" local="129775179548750000" remote="129811626600000000" />
<file name="ui-icons_f2ec64_256x240.png" server="ftp.livrojqueryui.com.br//var/www/html/" local="129775179548906250" remote="129811626600000000" />
<file name="ui-icons_f9f2bd_256x240.png" server="ftp.livrojqueryui.com.br//var/www/html/" local="129775179548906250" remote="129811626600000000" />
<file name="ui-icons_ff7519_256x240.png" server="ftp.livrojqueryui.com.br//var/www/html/" local="129775179548906250" remote="129811626600000000" />
</dwsync>